{
  "metadata": {
    "document": "38213-j10",
    "generated": "2025-12-15T13:31:26.592364",
    "total_headers": 138,
    "generator": "Step 6: TOC JSON Extractor"
  },
  "statistics": {
    "total_headers": 138,
    "level_counts": {
      "h6": 2,
      "h1": 25,
      "h2": 58,
      "h3": 35,
      "h4": 17,
      "h5": 1
    }
  },
  "table_of_contents": [
    {
      "clause_id": null,
      "clause_title": "<br>Contents",
      "level": 6,
      "id": "br-contents",
      "children": []
    },
    {
      "clause_id": null,
      "clause_title": "<br>Foreword",
      "level": 1,
      "id": "br-foreword",
      "children": []
    },
    {
      "clause_id": null,
      "clause_title": "<br>1     Scope",
      "level": 1,
      "id": "br-1-scope",
      "children": []
    },
    {
      "clause_id": "2",
      "clause_title": "References",
      "level": 1,
      "id": "2-references",
      "children": []
    },
    {
      "clause_id": "3",
      "clause_title": "Definitions of terms, symbols and abbreviations",
      "level": 1,
      "id": "3-definitions-of-terms-symbols-and-abbreviations",
      "children": [
        {
          "clause_id": "3.1",
          "clause_title": "Terms",
          "level": 2,
          "id": "3-1-terms",
          "children": []
        },
        {
          "clause_id": "3.2",
          "clause_title": "Symbols",
          "level": 2,
          "id": "3-2-symbols",
          "children": []
        },
        {
          "clause_id": "3.3",
          "clause_title": "Abbreviations",
          "level": 2,
          "id": "3-3-abbreviations",
          "children": []
        }
      ]
    },
    {
      "clause_id": null,
      "clause_title": "<br>4     Synchronization procedures",
      "level": 1,
      "id": "br-4-synchronization-procedures",
      "children": [
        {
          "clause_id": "4.1",
          "clause_title": "Cell search",
          "level": 2,
          "id": "4-1-cell-search",
          "children": []
        },
        {
          "clause_id": "4.2",
          "clause_title": "Transmission timing adjustments",
          "level": 2,
          "id": "4-2-transmission-timing-adjustments",
          "children": []
        },
        {
          "clause_id": "4.3",
          "clause_title": "Timing for secondary cell activation / deactivation",
          "level": 2,
          "id": "4-3-timing-for-secondary-cell-activation-deactivation",
          "children": []
        },
        {
          "clause_id": "4.4",
          "clause_title": "Activation/adaptation/deactivation of SS/PBCH block transmissions on a secondary cell",
          "level": 2,
          "id": "4-4-activation-adaptation-deactivation-of-ss-pbch-block-transmissions-on-a-secondary-cell",
          "children": []
        }
      ]
    },
    {
      "clause_id": "5",
      "clause_title": "Radio link monitoring",
      "level": 1,
      "id": "5-radio-link-monitoring",
      "children": []
    },
    {
      "clause_id": "6",
      "clause_title": "Link recovery procedures",
      "level": 1,
      "id": "6-link-recovery-procedures",
      "children": []
    },
    {
      "clause_id": "7",
      "clause_title": "Uplink Power control",
      "level": 1,
      "id": "7-uplink-power-control",
      "children": [
        {
          "clause_id": "7.1",
          "clause_title": "Physical uplink shared channel",
          "level": 2,
          "id": "7-1-physical-uplink-shared-channel",
          "children": [
            {
              "clause_id": "7.1.1",
              "clause_title": "UE behaviour",
              "level": 3,
              "id": "7-1-1-ue-behaviour",
              "children": []
            }
          ]
        },
        {
          "clause_id": "7.2",
          "clause_title": "Physical uplink control channel",
          "level": 2,
          "id": "7-2-physical-uplink-control-channel",
          "children": [
            {
              "clause_id": "7.2.1",
              "clause_title": "UE behaviour",
              "level": 3,
              "id": "7-2-1-ue-behaviour",
              "children": []
            }
          ]
        },
        {
          "clause_id": "7.3",
          "clause_title": "Sounding reference signals",
          "level": 2,
          "id": "7-3-sounding-reference-signals",
          "children": [
            {
              "clause_id": "7.3.1",
              "clause_title": "UE behaviour",
              "level": 3,
              "id": "7-3-1-ue-behaviour",
              "children": []
            }
          ]
        },
        {
          "clause_id": "7.4",
          "clause_title": "Physical random access channel",
          "level": 2,
          "id": "7-4-physical-random-access-channel",
          "children": []
        },
        {
          "clause_id": "7.5",
          "clause_title": "Prioritizations for transmission power reductions",
          "level": 2,
          "id": "7-5-prioritizations-for-transmission-power-reductions",
          "children": []
        },
        {
          "clause_id": "7.6",
          "clause_title": "Dual connectivity",
          "level": 2,
          "id": "7-6-dual-connectivity",
          "children": [
            {
              "clause_id": "7.6.1",
              "clause_title": "EN-DC",
              "level": 3,
              "id": "7-6-1-en-dc",
              "children": []
            },
            {
              "clause_id": "7",
              "clause_title": ".6.1A    NE-DC",
              "level": 3,
              "id": "7-6-1a-ne-dc",
              "children": []
            },
            {
              "clause_id": "7.6.2",
              "clause_title": "NR-DC",
              "level": 3,
              "id": "7-6-2-nr-dc",
              "children": []
            }
          ]
        },
        {
          "clause_id": "7.7",
          "clause_title": "Power headroom report",
          "level": 2,
          "id": "7-7-power-headroom-report",
          "children": [
            {
              "clause_id": "7.7.1",
              "clause_title": "Type 1 PH report",
              "level": 3,
              "id": "7-7-1-type-1-ph-report",
              "children": []
            },
            {
              "clause_id": "7.7.2",
              "clause_title": "Type 2 PH report",
              "level": 3,
              "id": "7-7-2-type-2-ph-report",
              "children": []
            },
            {
              "clause_id": "7.7.3",
              "clause_title": "Type 3 PH report",
              "level": 3,
              "id": "7-7-3-type-3-ph-report",
              "children": []
            }
          ]
        }
      ]
    },
    {
      "clause_id": "8",
      "clause_title": "Random access procedure",
      "level": 1,
      "id": "8-random-access-procedure",
      "children": [
        {
          "clause_id": "8.1",
          "clause_title": "Random access preamble",
          "level": 2,
          "id": "8-1-random-access-preamble",
          "children": []
        },
        {
          "clause_id": "8",
          "clause_title": ".1A    PUSCH for Type-2 random access procedure",
          "level": 2,
          "id": "8-1a-pusch-for-type-2-random-access-procedure",
          "children": []
        },
        {
          "clause_id": "8.2",
          "clause_title": "Random access response - Type-1 random access procedure",
          "level": 2,
          "id": "8-2-random-access-response-type-1-random-access-procedure",
          "children": []
        },
        {
          "clause_id": "8",
          "clause_title": ".2A    Random access response - Type-2 random access procedure",
          "level": 2,
          "id": "8-2a-random-access-response-type-2-random-access-procedure",
          "children": []
        },
        {
          "clause_id": "8.3",
          "clause_title": "PUSCH scheduled by RAR UL grant",
          "level": 2,
          "id": "8-3-pusch-scheduled-by-rar-ul-grant",
          "children": []
        },
        {
          "clause_id": "8.4",
          "clause_title": "PDSCH with UE contention resolution identity",
          "level": 2,
          "id": "8-4-pdsch-with-ue-contention-resolution-identity",
          "children": []
        }
      ]
    },
    {
      "clause_id": "9",
      "clause_title": "UE procedure for reporting control information",
      "level": 1,
      "id": "9-ue-procedure-for-reporting-control-information",
      "children": [
        {
          "clause_id": null,
          "clause_title": "9.A     PUCCH cell switching",
          "level": 2,
          "id": "9-a-pucch-cell-switching",
          "children": []
        },
        {
          "clause_id": "9.1",
          "clause_title": "HARQ-ACK codebook determination",
          "level": 2,
          "id": "9-1-harq-ack-codebook-determination",
          "children": [
            {
              "clause_id": "9.1.1",
              "clause_title": "CBG-based HARQ-ACK codebook determination",
              "level": 3,
              "id": "9-1-1-cbg-based-harq-ack-codebook-determination",
              "children": []
            },
            {
              "clause_id": "9.1.2",
              "clause_title": "Type-1 HARQ-ACK codebook determination",
              "level": 3,
              "id": "9-1-2-type-1-harq-ack-codebook-determination",
              "children": [
                {
                  "clause_id": "9.1.2.1",
                  "clause_title": "Type-1 HARQ-ACK codebook in physical uplink control channel",
                  "level": 4,
                  "id": "9-1-2-1-type-1-harq-ack-codebook-in-physical-uplink-control-channel",
                  "children": []
                },
                {
                  "clause_id": "9.1.2.2",
                  "clause_title": "Type-1 HARQ-ACK codebook in physical uplink shared channel",
                  "level": 4,
                  "id": "9-1-2-2-type-1-harq-ack-codebook-in-physical-uplink-shared-channel",
                  "children": []
                }
              ]
            },
            {
              "clause_id": "9.1.3",
              "clause_title": "Type-2 HARQ-ACK codebook determination",
              "level": 3,
              "id": "9-1-3-type-2-harq-ack-codebook-determination",
              "children": [
                {
                  "clause_id": "9.1.3.1",
                  "clause_title": "Type-2 HARQ-ACK codebook in physical uplink control channel",
                  "level": 4,
                  "id": "9-1-3-1-type-2-harq-ack-codebook-in-physical-uplink-control-channel",
                  "children": []
                },
                {
                  "clause_id": "9.1.3.2",
                  "clause_title": "Type-2 HARQ-ACK codebook in physical uplink shared channel",
                  "level": 4,
                  "id": "9-1-3-2-type-2-harq-ack-codebook-in-physical-uplink-shared-channel",
                  "children": []
                },
                {
                  "clause_id": "9.1.3.3",
                  "clause_title": "Type-2 HARQ-ACK codebook grouping and HARQ-ACK retransmission",
                  "level": 4,
                  "id": "9-1-3-3-type-2-harq-ack-codebook-grouping-and-harq-ack-retransmission",
                  "children": []
                }
              ]
            },
            {
              "clause_id": "9.1.4",
              "clause_title": "Type-3 HARQ-ACK codebook determination",
              "level": 3,
              "id": "9-1-4-type-3-harq-ack-codebook-determination",
              "children": []
            },
            {
              "clause_id": "9.1.5",
              "clause_title": "HARQ-ACK codebook retransmission",
              "level": 3,
              "id": "9-1-5-harq-ack-codebook-retransmission",
              "children": []
            }
          ]
        },
        {
          "clause_id": "9.2",
          "clause_title": "UCI reporting in physical uplink control channel",
          "level": 2,
          "id": "9-2-uci-reporting-in-physical-uplink-control-channel",
          "children": [
            {
              "clause_id": "9.2.1",
              "clause_title": "PUCCH Resource Sets",
              "level": 3,
              "id": "9-2-1-pucch-resource-sets",
              "children": []
            },
            {
              "clause_id": "9.2.2",
              "clause_title": "PUCCH Formats for UCI transmission",
              "level": 3,
              "id": "9-2-2-pucch-formats-for-uci-transmission",
              "children": []
            },
            {
              "clause_id": "9.2.3",
              "clause_title": "UE procedure for reporting HARQ-ACK",
              "level": 3,
              "id": "9-2-3-ue-procedure-for-reporting-harq-ack",
              "children": []
            },
            {
              "clause_id": "9.2.4",
              "clause_title": "UE procedure for reporting SR",
              "level": 3,
              "id": "9-2-4-ue-procedure-for-reporting-sr",
              "children": []
            },
            {
              "clause_id": "9.2",
              "clause_title": "4A    UE procedure for indicating UE initiated report",
              "level": 3,
              "id": "9-2-4a-ue-procedure-for-indicating-ue-initiated-report",
              "children": []
            },
            {
              "clause_id": "9.2.5",
              "clause_title": "UE procedure for reporting multiple=\"multiple\" UCI types",
              "level": 3,
              "id": "9-2-5-ue-procedure-for-reporting-multiple-uci-types",
              "children": [
                {
                  "clause_id": "9.2.5.0",
                  "clause_title": "UE procedure for prioritization between SL HARQ-ACK information in a PUCCH and DL HARQ-ACK or SR or CSI in a PUCCH",
                  "level": 4,
                  "id": "9-2-5-0-ue-procedure-for-prioritization-between-sl-harq-ack-information-in-a-pucch-and-dl-harq-ack-or-sr-or-csi-in-a-pucch",
                  "children": []
                },
                {
                  "clause_id": "9.2.5.1",
                  "clause_title": "UE procedure for multiplexing HARQ-ACK or CSI and SR in a PUCCH",
                  "level": 4,
                  "id": "9-2-5-1-ue-procedure-for-multiplexing-harq-ack-or-csi-and-sr-in-a-pucch",
                  "children": []
                },
                {
                  "clause_id": "9.2.5.2",
                  "clause_title": "UE procedure for multiplexing HARQ-ACK/SR/CSI in a PUCCH",
                  "level": 4,
                  "id": "9-2-5-2-ue-procedure-for-multiplexing-harq-ack-sr-csi-in-a-pucch",
                  "children": []
                },
                {
                  "clause_id": "9.2.5.3",
                  "clause_title": "UE procedure for reporting UCI of different priorities",
                  "level": 4,
                  "id": "9-2-5-3-ue-procedure-for-reporting-uci-of-different-priorities",
                  "children": []
                },
                {
                  "clause_id": "9.2.5.4",
                  "clause_title": "UE procedure for deferring HARQ-ACK for SPS PDSCH",
                  "level": 4,
                  "id": "9-2-5-4-ue-procedure-for-deferring-harq-ack-for-sps-pdsch",
                  "children": []
                }
              ]
            },
            {
              "clause_id": "9.2.6",
              "clause_title": "PUCCH repetition procedure",
              "level": 3,
              "id": "9-2-6-pucch-repetition-procedure",
              "children": []
            }
          ]
        },
        {
          "clause_id": "9.3",
          "clause_title": "UCI reporting in physical uplink shared channel",
          "level": 2,
          "id": "9-3-uci-reporting-in-physical-uplink-shared-channel",
          "children": [
            {
              "clause_id": "9.3.1",
              "clause_title": "UE procedure for reporting UTO-UCI",
              "level": 3,
              "id": "9-3-1-ue-procedure-for-reporting-uto-uci",
              "children": []
            }
          ]
        }
      ]
    },
    {
      "clause_id": "10",
      "clause_title": "UE procedure for receiving control information",
      "level": 1,
      "id": "10-ue-procedure-for-receiving-control-information",
      "children": [
        {
          "clause_id": "10.1",
          "clause_title": "UE procedure for determining physical downlink control channel assignment",
          "level": 2,
          "id": "10-1-ue-procedure-for-determining-physical-downlink-control-channel-assignment",
          "children": [
            {
              "clause_id": "10.1.1",
              "clause_title": "Self-carrier and cross-carrier scheduling on the primary cell",
              "level": 3,
              "id": "10-1-1-self-carrier-and-cross-carrier-scheduling-on-the-primary-cell",
              "children": []
            }
          ]
        },
        {
          "clause_id": "10.2",
          "clause_title": "PDCCH validation for DL SPSand ULgrant Type 2",
          "level": 2,
          "id": "10-2-pdcch-validation-for-dl-sps-and-ul-grant-type-2",
          "children": []
        },
        {
          "clause_id": "10",
          "clause_title": ".2A    PDCCH validation for SLconfiguredgrant Type 2",
          "level": 2,
          "id": "10-2a-pdcch-validation-for-sl-configured-grant-type-2",
          "children": []
        },
        {
          "clause_id": "10.3",
          "clause_title": "PDCCH monitoring indication and dormancy/non-dormancy behaviour for SCells",
          "level": 2,
          "id": "10-3-pdcch-monitoring-indication-and-dormancy-non-dormancy-behaviour-for-scells",
          "children": []
        },
        {
          "clause_id": "1",
          "clause_title": "0.4    Search space set group switching and skipping of PDCCH monitoring",
          "level": 2,
          "id": "1-0-4-search-space-set-group-switching-and-skipping-of-pdcch-monitoring",
          "children": []
        },
        {
          "clause_id": "10",
          "clause_title": ".4A    PDCCH monitoring for early indication of paging",
          "level": 2,
          "id": "10-4a-pdcch-monitoring-for-early-indication-of-paging",
          "children": []
        },
        {
          "clause_id": "10.4",
          "clause_title": "B    Indication of TRS resources",
          "level": 2,
          "id": "10-4-b-indication-of-trs-resources",
          "children": []
        },
        {
          "clause_id": null,
          "clause_title": "10.4C     PDCCH monitoring activation by WUS in RRC_IDLE/RRC_INACTIVE",
          "level": 2,
          "id": "10-4c-pdcch-monitoring-activation-by-wus-in-rrc-idle-rrc-inactive",
          "children": []
        },
        {
          "clause_id": null,
          "clause_title": "10.4D     PDCCH monitoring activation by WUS in RRC_CONNECTED",
          "level": 2,
          "id": "10-4d-pdcch-monitoring-activation-by-wus-in-rrc-connected",
          "children": []
        },
        {
          "clause_id": "10.5",
          "clause_title": "HARQ-ACK information for PUSCH transmissions",
          "level": 2,
          "id": "10-5-harq-ack-information-for-pusch-transmissions",
          "children": []
        },
        {
          "clause_id": "10.6",
          "clause_title": "Indication for cancelation of RRM measurement gaps/restrictions",
          "level": 2,
          "id": "10-6-indication-for-cancelation-of-rrm-measurement-gaps-restrictions",
          "children": []
        }
      ]
    },
    {
      "clause_id": "1",
      "clause_title": "1    UE-group common signalling",
      "level": 1,
      "id": "1-1-ue-group-common-signalling",
      "children": [
        {
          "clause_id": "11.1",
          "clause_title": "Slot configuration",
          "level": 2,
          "id": "11-1-slot-configuration",
          "children": [
            {
              "clause_id": "11.1.1",
              "clause_title": "UE procedure for determining slot format",
              "level": 3,
              "id": "11-1-1-ue-procedure-for-determining-slot-format",
              "children": []
            }
          ]
        },
        {
          "clause_id": "11.2",
          "clause_title": "Interrupted transmission indication",
          "level": 2,
          "id": "11-2-interrupted-transmission-indication",
          "children": []
        },
        {
          "clause_id": "11",
          "clause_title": "2A    Cancellation indication",
          "level": 2,
          "id": "11-2a-cancellation-indication",
          "children": []
        },
        {
          "clause_id": "11.3",
          "clause_title": "Group TPC commands for PUCCH/PUSCH",
          "level": 2,
          "id": "11-3-group-tpc-commands-for-pucch-pusch",
          "children": []
        },
        {
          "clause_id": "11.4",
          "clause_title": "SRS switching",
          "level": 2,
          "id": "11-4-srs-switching",
          "children": []
        },
        {
          "clause_id": "11.5",
          "clause_title": "Adaptation of cell operation",
          "level": 2,
          "id": "11-5-adaptation-of-cell-operation",
          "children": []
        },
        {
          "clause_id": "11.6",
          "clause_title": "Periodicity adaptation for reception of SS/PBCH blocks on a secondary cell",
          "level": 2,
          "id": "11-6-periodicity-adaptation-for-reception-of-ss-pbch-blocks-on-a-secondary-cell",
          "children": []
        }
      ]
    },
    {
      "clause_id": "1",
      "clause_title": "2    Bandwidth part operation",
      "level": 1,
      "id": "1-2-bandwidth-part-operation",
      "children": []
    },
    {
      "clause_id": "1",
      "clause_title": "3    UE procedure for monitoring Type0-PDCCH CSS sets",
      "level": 1,
      "id": "1-3-ue-procedure-for-monitoring-type0-pdcch-css-sets",
      "children": []
    },
    {
      "clause_id": "14",
      "clause_title": "Integrated access-backhaul operation",
      "level": 1,
      "id": "14-integrated-access-backhaul-operation",
      "children": []
    },
    {
      "clause_id": "1",
      "clause_title": "5    Dual active protocol stack based handover",
      "level": 1,
      "id": "1-5-dual-active-protocol-stack-based-handover",
      "children": []
    },
    {
      "clause_id": "1",
      "clause_title": "6    UE procedures for sidelink",
      "level": 1,
      "id": "1-6-ue-procedures-for-sidelink",
      "children": [
        {
          "clause_id": "16.1",
          "clause_title": "Synchronization procedures",
          "level": 2,
          "id": "16-1-synchronization-procedures",
          "children": []
        },
        {
          "clause_id": "16.2",
          "clause_title": "Power control",
          "level": 2,
          "id": "16-2-power-control",
          "children": [
            {
              "clause_id": "16.2.0",
              "clause_title": "S-SS/PSBCH blocks",
              "level": 3,
              "id": "16-2-0-s-ss-psbch-blocks",
              "children": []
            },
            {
              "clause_id": "16.2.1",
              "clause_title": "PSSCH",
              "level": 3,
              "id": "16-2-1-pssch",
              "children": []
            },
            {
              "clause_id": "16.2.2",
              "clause_title": "PSCCH",
              "level": 3,
              "id": "16-2-2-pscch",
              "children": []
            },
            {
              "clause_id": "16.2.3",
              "clause_title": "PSFCH",
              "level": 3,
              "id": "16-2-3-psfch",
              "children": []
            },
            {
              "clause_id": null,
              "clause_title": "16.2.3A     SL PRS",
              "level": 3,
              "id": "16-2-3a-sl-prs",
              "children": []
            },
            {
              "clause_id": "16.2.4",
              "clause_title": "Prioritization of transmissions/receptions",
              "level": 3,
              "id": "16-2-4-prioritization-of-transmissions-receptions",
              "children": [
                {
                  "clause_id": "16.2.4.1",
                  "clause_title": "Simultaneous NR and E-UTRA transmission/reception",
                  "level": 4,
                  "id": "16-2-4-1-simultaneous-nr-and-e-utra-transmission-reception",
                  "children": []
                },
                {
                  "clause_id": "16.2.4.2",
                  "clause_title": "Simultaneous PSFCH transmission/reception",
                  "level": 4,
                  "id": "16-2-4-2-simultaneous-psfch-transmission-reception",
                  "children": []
                },
                {
                  "clause_id": "16.2.4.3",
                  "clause_title": "Simultaneous SL and UL transmissions/receptions",
                  "level": 4,
                  "id": "16-2-4-3-simultaneous-sl-and-ul-transmissions-receptions",
                  "children": [
                    {
                      "clause_id": "16.2.4.3.1",
                      "clause_title": "Prioritizations for sidelink and uplink transmissions/receptions",
                      "level": 5,
                      "id": "16-2-4-3-1-prioritizations-for-sidelink-and-uplink-transmissions-receptions",
                      "children": []
                    }
                  ]
                }
              ]
            },
            {
              "clause_id": "16.2.5",
              "clause_title": "SL Carrier Aggregation",
              "level": 3,
              "id": "16-2-5-sl-carrier-aggregation",
              "children": []
            }
          ]
        },
        {
          "clause_id": "16.3",
          "clause_title": "UE procedure for reporting and obtaining control information in PSFCH",
          "level": 2,
          "id": "16-3-ue-procedure-for-reporting-and-obtaining-control-information-in-psfch",
          "children": [
            {
              "clause_id": "16.3.0",
              "clause_title": "UE procedure for transmitting PSFCH with control information",
              "level": 3,
              "id": "16-3-0-ue-procedure-for-transmitting-psfch-with-control-information",
              "children": []
            },
            {
              "clause_id": "16.3.1",
              "clause_title": "UE procedure for receiving PSFCH with control information",
              "level": 3,
              "id": "16-3-1-ue-procedure-for-receiving-psfch-with-control-information",
              "children": []
            }
          ]
        },
        {
          "clause_id": "16.4",
          "clause_title": "UE procedure for transmitting PSCCH",
          "level": 2,
          "id": "16-4-ue-procedure-for-transmitting-pscch",
          "children": []
        },
        {
          "clause_id": null,
          "clause_title": "16.4A     UE procedure for transmitting PSCCH in dedicated SL PRS resource pool",
          "level": 2,
          "id": "16-4a-ue-procedure-for-transmitting-pscch-in-dedicated-sl-prs-resource-pool",
          "children": []
        },
        {
          "clause_id": "16.5",
          "clause_title": "UE procedure for reporting HARQ-ACK on uplink",
          "level": 2,
          "id": "16-5-ue-procedure-for-reporting-harq-ack-on-uplink",
          "children": [
            {
              "clause_id": "16.5.1",
              "clause_title": "Type-1 HARQ-ACK codebook determination",
              "level": 3,
              "id": "16-5-1-type-1-harq-ack-codebook-determination",
              "children": [
                {
                  "clause_id": "16.5.1.1",
                  "clause_title": "Type-1 HARQ-ACK codebook in physical uplink control channel",
                  "level": 4,
                  "id": "16-5-1-1-type-1-harq-ack-codebook-in-physical-uplink-control-channel",
                  "children": []
                },
                {
                  "clause_id": "16.5.1.2",
                  "clause_title": "Type-1 HARQ-ACK codebook in physical uplink shared channel",
                  "level": 4,
                  "id": "16-5-1-2-type-1-harq-ack-codebook-in-physical-uplink-shared-channel",
                  "children": []
                }
              ]
            },
            {
              "clause_id": "16.5.2",
              "clause_title": "Type-2 HARQ-ACK codebook determination",
              "level": 3,
              "id": "16-5-2-type-2-harq-ack-codebook-determination",
              "children": [
                {
                  "clause_id": "16.5.2.1",
                  "clause_title": "Type-2 HARQ-ACK codebook in physical uplink control channel",
                  "level": 4,
                  "id": "16-5-2-1-type-2-harq-ack-codebook-in-physical-uplink-control-channel",
                  "children": []
                },
                {
                  "clause_id": "16.5.2.2",
                  "clause_title": "Type-2 HARQ-ACK codebook in physical uplink shared channel",
                  "level": 4,
                  "id": "16-5-2-2-type-2-harq-ack-codebook-in-physical-uplink-shared-channel",
                  "children": []
                }
              ]
            }
          ]
        },
        {
          "clause_id": "16.6",
          "clause_title": "UE procedure for LTE sidelink transmission",
          "level": 2,
          "id": "16-6-ue-procedure-for-lte-sidelink-transmission",
          "children": []
        },
        {
          "clause_id": "16.7",
          "clause_title": "Operation for in-device coexistence and for co-channel coexistence",
          "level": 2,
          "id": "16-7-operation-for-in-device-coexistence-and-for-co-channel-coexistence",
          "children": []
        }
      ]
    },
    {
      "clause_id": "1",
      "clause_title": "7    UE with reduced capabilities",
      "level": 1,
      "id": "1-7-ue-with-reduced-capabilities",
      "children": [
        {
          "clause_id": "1",
          "clause_title": "7.1    First procedures for RedCap UE",
          "level": 2,
          "id": "1-7-1-first-procedures-for-redcap-ue",
          "children": []
        },
        {
          "clause_id": null,
          "clause_title": "17.1A     Second procedures for RedCap UE",
          "level": 2,
          "id": "17-1a-second-procedures-for-redcap-ue",
          "children": []
        },
        {
          "clause_id": "1",
          "clause_title": "7.2    Half-Duplex UE in paired spectrum",
          "level": 2,
          "id": "1-7-2-half-duplex-ue-in-paired-spectrum",
          "children": []
        }
      ]
    },
    {
      "clause_id": "18",
      "clause_title": "Multicast Broadcast Services",
      "level": 1,
      "id": "18-multicast-broadcast-services",
      "children": []
    },
    {
      "clause_id": "19",
      "clause_title": "PUSCH transmission in RRC_INACTIVE state",
      "level": 1,
      "id": "19-pusch-transmission-in-rrc-inactive-state",
      "children": [
        {
          "clause_id": "19.1",
          "clause_title": "Configured-grant based PUSCH transmission",
          "level": 2,
          "id": "19-1-configured-grant-based-pusch-transmission",
          "children": []
        },
        {
          "clause_id": "19.2",
          "clause_title": "Random-access based PUSCH transmission",
          "level": 2,
          "id": "19-2-random-access-based-pusch-transmission",
          "children": []
        }
      ]
    },
    {
      "clause_id": "20",
      "clause_title": "Network controlled repeater",
      "level": 1,
      "id": "20-network-controlled-repeater",
      "children": []
    },
    {
      "clause_id": "21",
      "clause_title": "L1/L2-triggered mobility procedures",
      "level": 1,
      "id": "21-l1-l2-triggered-mobility-procedures",
      "children": [
        {
          "clause_id": "21.1",
          "clause_title": "Configured-grant PUSCH transmission in RACH-less LTM cell switch",
          "level": 2,
          "id": "21-1-configured-grant-pusch-transmission-in-rach-less-ltm-cell-switch",
          "children": []
        }
      ]
    },
    {
      "clause_id": "22",
      "clause_title": "PUSCH transmission in NTN RACH-less handover",
      "level": 1,
      "id": "22-pusch-transmission-in-ntn-rach-less-handover",
      "children": [
        {
          "clause_id": "22.1",
          "clause_title": "Configured-grant PUSCH transmission",
          "level": 2,
          "id": "22-1-configured-grant-pusch-transmission",
          "children": []
        },
        {
          "clause_id": "22.2",
          "clause_title": "Dynamic-grant PUSCH transmission",
          "level": 2,
          "id": "22-2-dynamic-grant-pusch-transmission",
          "children": []
        }
      ]
    },
    {
      "clause_id": "23",
      "clause_title": "UE procedure to request SIB1 reception",
      "level": 1,
      "id": "23-ue-procedure-to-request-sib1-reception",
      "children": []
    },
    {
      "clause_id": "24",
      "clause_title": "Downlink carrier aggregation via switching",
      "level": 1,
      "id": "24-downlink-carrier-aggregation-via-switching",
      "children": [
        {
          "clause_id": null,
          "clause_title": "<br>Annex A: Change history<br>",
          "level": 6,
          "id": "br-annex-a-change-history-br",
          "children": []
        }
      ]
    }
  ]
}